{
	"blocked": [
		"https://www.bing.com/search?form=MOZLBR&pc=MOZD&q=g+chrome",
		"https://www.bing.com/search?form=MOZLBR&pc=MOZD&q=test+for+new+laptop",
		"https://www.msn.com/en-in/?pc=ACTE",
		"https://support.mozilla.org/en-US/questions/1224821",
		"https://google.com",
		"https://addons.mozilla.org/en-US/firefox/themes/",
		"https://mail.google.com/mail/u/0/#inbox",
		"http://gmail.com/",
		"https://www.linkedin.com/in/laxmi-narayan-69819b191",
		"https://github.com/salvadordeveloper",
		"https://www.hackerrank.com/skillZ06?hr_r=1",
		"https://github.com/",
		"https://www.hackerrank.com/challenges/cpp-sets/problem?h_r=profile",
		"https://github.com/DP-0P/dj-DP",
		"https://pritishsamal.tech/",
		"https://github.com/DP-0P",
		"https://github.com/DP-0P/dj-DP/tree/main/src",
		"https://console.firebase.google.com/u/0/project/ticktok-2fe69/firestore",
		"https://console.firebase.google.com/u/0/project/ticktok-2fe69/database",
		"https://firebasestorage.googleapis.com/v0/b/ticktok-2fe69.appspot.com/o/0865b90a75a0b73201adfc43a4fd7357.jpg?alt=media&token=56e08407-d274-46d0-974b-201ffc31fb85",
		"",
		"https://www.google.com/search?client=firefox-b-d&q=ctrl+shift+s+screenshot",
		"https://trello.com/b/mlSzjtJ0/zippy-customer",
		"https://drive.google.com/drive/folders/1nUcaHyuoTpW9bDzIsyEqpUEogr3Fp7uB",
		"https://www.youtube.com/",
		"https://teledriveapp.com/dashboard",
		"https://app.daily.dev/my-feed"
	],
	"columns": 10,
	"history": false,
	"locked": true,
	"margin": [
		"medium",
		"medium",
		"medium",
		"medium"
	],
	"opacity": 100,
	"recent": false,
	"rows": 6,
	"spacing": "medium",
	"theme": "dark",
	"titleSize": "medium"
}