[
	{
		"type": "url",
		"url": "https://addons.mozilla.org/en-US/firefox/themes/",
		"title": "Themes – Add-ons for Firefox (en-US)",
		"favicon": null,
		"id": 1
	},
	{
		"type": "url",
		"url": "https://github.com/narayann7",
		"title": "GitHub",
		"favicon": null,
		"position": 0,
		"id": 3
	},
	{
		"url": "https://www.hackerrank.com/dashboard",
		"position": 2,
		"id": 4,
		"title": "hackerrank"
	},
	{
		"url": "https://leetcode.com/problemset/all/",
		"position": 1,
		"id": 5,
		"title": "leetcode"
	},
	{
		"url": "https://mail.google.com/mail/u/1/#inbox",
		"title": "Gmail",
		"position": 49,
		"id": 6
	},
	{
		"url": "https://drive.google.com/drive/u/1/my-drive",
		"position": 39,
		"id": 7,
		"title": "drive"
	},
	{
		"url": "https://keep.google.com/u/1/",
		"position": 59,
		"id": 8
	},
	{
		"url": "https://teledriveapp.com/dashboard",
		"title": "teledrive",
		"position": 20,
		"id": 10
	},
	{
		"title": "(1) Feed | LinkedIn",
		"url": "https://www.linkedin.com/feed/",
		"position": 11,
		"id": 13
	},
	{
		"title": "Twitter",
		"url": "https://twitter.com/home?lang=en",
		"position": 58,
		"id": 14
	},
	{
		"title": "Stack Overflow",
		"url": "https://stackoverflow.com/",
		"position": 10,
		"id": 15
	},
	{
		"title": "YouTube",
		"url": "https://www.youtube.com/",
		"position": 57,
		"id": 18
	},
	{
		"title": "Reddit ",
		"url": "https://www.reddit.com/",
		"position": 48,
		"id": 19
	}
]